{"charErrorRates": [0.44547274749721916, 0.28195773081201336, 0.21810901001112348, 0.18509454949944382, 0.1681868743047831, 0.16004449388209122, 0.14375973303670744, 0.13975528364849832, 0.13583982202447165, 0.13308120133481646, 0.13161290322580646, 0.1261401557285873, 0.12160177975528365, 0.11862068965517242, 0.11911012235817575, 0.11710789766407119, 0.1139043381535039, 0.1150166852057842, 0.11497219132369299, 0.11412680756395996, 0.11421579532814238, 0.11332591768631813, 0.11328142380422691, 0.11372636262513905, 0.11341490545050055, 0.10994438264738599, 0.11150166852057843, 0.1085650723025584, 0.10905450500556174, 0.11221357063403782, 0.11555061179087875, 0.11457174638487208, 0.10967741935483871, 0.10887652947719688, 0.11003337041156841, 0.1146607341490545, 0.10932146829810901, 0.11065628476084538, 0.11127919911012236, 0.11083426028921023, 0.11167964404894327, 0.1121245828698554, 0.11043381535038932, 0.11114571746384871, 0.11114571746384871, 0.11007786429365962, 0.10567296996662959, 0.10807563959955506, 0.10834260289210233, 0.11136818687430479, 0.10789766407119021, 0.10767519466073415, 0.10660734149054504, 0.11221357063403782, 0.10936596218020023, 0.10629588431590656, 0.10758620689655173, 0.1053615127919911, 0.10976640711902114, 0.11030033370411568, 0.10776418242491657, 0.11377085650723026, 0.10723025583982203, 0.10958843159065629, 0.10687430478309233, 0.10945494994438265, 0.1032258064516129, 0.10972191323692992, 0.10803114571746385, 0.10700778642936597, 0.10834260289210233, 0.10620689655172413, 0.1074972191323693, 0.10723025583982203, 0.10509454949944383, 0.10798665183537264, 0.10994438264738599, 0.10798665183537264, 0.10981090100111235], "wordAccuracies": [0.3059313215400624, 0.4616718695802983, 0.5414498785986819, 0.5920915712799167, 0.6132500867152272, 0.6314602844259452, 0.6637183489420743, 0.6664932362122789, 0.6760319112036074, 0.6782865071106486, 0.6834894207422824, 0.6949358307318765, 0.7049947970863684, 0.711064862989941, 0.708636836628512, 0.7127991675338189, 0.7199098161637183, 0.7212972597988206, 0.7188692334373916, 0.720256677072494, 0.720256677072494, 0.7228581338883108, 0.7237252861602498, 0.7219909816163719, 0.7190426638917794, 0.7273673257023934, 0.7275407561567812, 0.734304543877905, 0.7325702393340271, 0.723551855705862, 0.7204301075268817, 0.7225112729795352, 0.7320499479708636, 0.7287547693374956, 0.7317030870620881, 0.7200832466181062, 0.7381200138744364, 0.7341311134235172, 0.7270204647936177, 0.7270204647936177, 0.7297953520638224, 0.7271938952480056, 0.7299687825182102, 0.7265001734304544, 0.7249392993409642, 0.7329171002428027, 0.7379465834200486, 0.7351716961498439, 0.7320499479708636, 0.7282344779743323, 0.7344779743322928, 0.7336108220603538, 0.7386403052375997, 0.7280610475199445, 0.7339576829691293, 0.7374262920568851, 0.7384668747832119, 0.7445369406867846, 0.7344779743322928, 0.7332639611515782, 0.7382934443288242, 0.7247658688865765, 0.7407214706902532, 0.731009365244537, 0.7375997225112729, 0.7322233784252514, 0.7445369406867846, 0.734304543877905, 0.7389871661463753, 0.7339576829691293, 0.733437391605966, 0.736732570239334, 0.7353451266042317, 0.7398543184183143, 0.7414151925078044, 0.7407214706902532, 0.7306625043357614, 0.7407214706902532, 0.7294484911550468]}